{
  "projectId": "696269910001627170d4",
  "databases": [
    {
      "$id": "imagine-project-db",
      "name": "Imagine Project DB",
      "enabled": true
    }
  ],
  "collections": [
    {
      "$id": "meals",
      "$permissions": [],
      "databaseId": "imagine-project-db",
      "name": "meals",
      "enabled": true,
      "documentSecurity": true,
      "attributes": [
        {
          "key": "createdBy",
          "type": "string",
          "required": true,
          "array": false,
          "size": 64,
          "default": null,
          "encrypt": false
        },
        {
          "key": "name",
          "type": "string",
          "required": true,
          "array": false,
          "size": 255,
          "default": null,
          "encrypt": false
        },
        {
          "key": "description",
          "type": "string",
          "required": false,
          "array": false,
          "size": 1000,
          "default": null,
          "encrypt": false
        },
        {
          "key": "price",
          "type": "double",
          "required": true,
          "array": false,
          "min": null,
          "max": null,
          "default": null
        },
        {
          "key": "category",
          "type": "string",
          "required": false,
          "array": false,
          "size": 100,
          "default": null,
          "encrypt": false
        },
        {
          "key": "calories",
          "type": "integer",
          "required": false,
          "array": false,
          "min": null,
          "max": null,
          "default": null
        },
        {
          "key": "allergens",
          "type": "string",
          "required": false,
          "array": true,
          "size": 100,
          "default": null,
          "encrypt": false
        },
        {
          "key": "isAvailable",
          "type": "boolean",
          "required": false,
          "array": false,
          "default": true
        },
        {
          "key": "imageId",
          "type": "string",
          "required": false,
          "array": false,
          "size": 255,
          "default": null,
          "encrypt": false
        }
      ],
      "indexes": [
        {
          "key": "idx_createdBy",
          "type": "key",
          "status": "available",
          "attributes": ["createdBy"],
          "orders": ["ASC"]
        },
        {
          "key": "idx_category",
          "type": "key",
          "status": "available",
          "attributes": ["category"],
          "orders": ["ASC"]
        }
      ]
    },
    {
      "$id": "orders",
      "$permissions": [],
      "databaseId": "imagine-project-db",
      "name": "orders",
      "enabled": true,
      "documentSecurity": true,
      "attributes": [
        {
          "key": "createdBy",
          "type": "string",
          "required": true,
          "array": false,
          "size": 64,
          "default": null,
          "encrypt": false
        },
        {
          "key": "mealIds",
          "type": "string",
          "required": true,
          "array": true,
          "size": 255,
          "default": null,
          "encrypt": false
        },
        {
          "key": "quantities",
          "type": "integer",
          "required": true,
          "array": true,
          "min": null,
          "max": null,
          "default": null
        },
        {
          "key": "totalPrice",
          "type": "double",
          "required": true,
          "array": false,
          "min": null,
          "max": null,
          "default": null
        },
        {
          "key": "status",
          "type": "string",
          "required": true,
          "array": false,
          "size": 50,
          "default": null,
          "encrypt": false
        },
        {
          "key": "notes",
          "type": "string",
          "required": false,
          "array": false,
          "size": 500,
          "default": null,
          "encrypt": false
        },
        {
          "key": "pickupTime",
          "type": "datetime",
          "required": false,
          "array": false,
          "format": "",
          "default": null
        }
      ],
      "indexes": [
        {
          "key": "idx_createdBy",
          "type": "key",
          "status": "available",
          "attributes": ["createdBy"],
          "orders": ["ASC"]
        },
        {
          "key": "idx_status",
          "type": "key",
          "status": "available",
          "attributes": ["status"],
          "orders": ["ASC"]
        }
      ]
    },
    {
      "$id": "favorites",
      "$permissions": [],
      "databaseId": "imagine-project-db",
      "name": "favorites",
      "enabled": true,
      "documentSecurity": true,
      "attributes": [
        {
          "key": "createdBy",
          "type": "string",
          "required": true,
          "array": false,
          "size": 64,
          "default": null,
          "encrypt": false
        },
        {
          "key": "mealId",
          "type": "string",
          "required": true,
          "array": false,
          "size": 255,
          "default": null,
          "encrypt": false
        }
      ],
      "indexes": [
        {
          "key": "idx_createdBy",
          "type": "key",
          "status": "available",
          "attributes": ["createdBy"],
          "orders": ["ASC"]
        },
        {
          "key": "idx_mealId",
          "type": "key",
          "status": "available",
          "attributes": ["mealId"],
          "orders": ["ASC"]
        }
      ]
    },
    {
      "$id": "dietary-profiles",
      "$permissions": [],
      "databaseId": "imagine-project-db",
      "name": "dietary-profiles",
      "enabled": true,
      "documentSecurity": true,
      "attributes": [
        {
          "key": "createdBy",
          "type": "string",
          "required": true,
          "array": false,
          "size": 64,
          "default": null,
          "encrypt": false
        },
        {
          "key": "dietaryRestrictions",
          "type": "string",
          "required": false,
          "array": true,
          "size": 100,
          "default": null,
          "encrypt": false
        },
        {
          "key": "allergens",
          "type": "string",
          "required": false,
          "array": true,
          "size": 100,
          "default": null,
          "encrypt": false
        },
        {
          "key": "dislikes",
          "type": "string",
          "required": false,
          "array": true,
          "size": 255,
          "default": null,
          "encrypt": false
        },
        {
          "key": "preferences",
          "type": "string",
          "required": false,
          "array": true,
          "size": 255,
          "default": null,
          "encrypt": false
        },
        {
          "key": "calorieGoal",
          "type": "integer",
          "required": false,
          "array": false,
          "min": null,
          "max": null,
          "default": null
        },
        {
          "key": "proteinGoal",
          "type": "integer",
          "required": false,
          "array": false,
          "min": null,
          "max": null,
          "default": null
        }
      ],
      "indexes": [
        {
          "key": "idx_createdBy",
          "type": "key",
          "status": "available",
          "attributes": ["createdBy"],
          "orders": ["ASC"]
        }
      ]
    },
    {
      "$id": "reviews",
      "$permissions": [],
      "databaseId": "imagine-project-db",
      "name": "reviews",
      "enabled": true,
      "documentSecurity": true,
      "attributes": [
        {
          "key": "createdBy",
          "type": "string",
          "required": true,
          "array": false,
          "size": 64,
          "default": null,
          "encrypt": false
        },
        {
          "key": "mealId",
          "type": "string",
          "required": true,
          "array": false,
          "size": 255,
          "default": null,
          "encrypt": false
        },
        {
          "key": "orderId",
          "type": "string",
          "required": false,
          "array": false,
          "size": 255,
          "default": null,
          "encrypt": false
        },
        {
          "key": "rating",
          "type": "integer",
          "required": true,
          "array": false,
          "min": null,
          "max": null,
          "default": null
        },
        {
          "key": "comment",
          "type": "string",
          "required": false,
          "array": false,
          "size": 1000,
          "default": null,
          "encrypt": false
        },
        {
          "key": "isVerifiedPurchase",
          "type": "boolean",
          "required": false,
          "array": false,
          "default": false
        }
      ],
      "indexes": [
        {
          "key": "idx_createdBy",
          "type": "key",
          "status": "available",
          "attributes": ["createdBy"],
          "orders": ["ASC"]
        },
        {
          "key": "idx_mealId",
          "type": "key",
          "status": "available",
          "attributes": ["mealId"],
          "orders": ["ASC"]
        },
        {
          "key": "idx_rating",
          "type": "key",
          "status": "available",
          "attributes": ["rating"],
          "orders": ["DESC"]
        }
      ]
    },
    {
      "$id": "recommendations",
      "$permissions": [],
      "databaseId": "imagine-project-db",
      "name": "recommendations",
      "enabled": true,
      "documentSecurity": true,
      "attributes": [
        {
          "key": "createdBy",
          "type": "string",
          "required": true,
          "array": false,
          "size": 64,
          "default": null,
          "encrypt": false
        },
        {
          "key": "mealId",
          "type": "string",
          "required": true,
          "array": false,
          "size": 255,
          "default": null,
          "encrypt": false
        },
        {
          "key": "reason",
          "type": "string",
          "required": true,
          "array": false,
          "size": 500,
          "default": null,
          "encrypt": false
        },
        {
          "key": "reasonType",
          "type": "string",
          "required": false,
          "array": false,
          "size": 100,
          "default": null,
          "encrypt": false
        },
        {
          "key": "score",
          "type": "double",
          "required": false,
          "array": false,
          "min": null,
          "max": null,
          "default": null
        },
        {
          "key": "expiresAt",
          "type": "datetime",
          "required": false,
          "array": false,
          "format": "",
          "default": null
        }
      ],
      "indexes": [
        {
          "key": "idx_createdBy",
          "type": "key",
          "status": "available",
          "attributes": ["createdBy"],
          "orders": ["ASC"]
        },
        {
          "key": "idx_mealId",
          "type": "key",
          "status": "available",
          "attributes": ["mealId"],
          "orders": ["ASC"]
        }
      ]
    },
    {
      "$id": "ingredients",
      "$permissions": [],
      "databaseId": "imagine-project-db",
      "name": "ingredients",
      "enabled": true,
      "documentSecurity": true,
      "attributes": [
        {
          "key": "createdBy",
          "type": "string",
          "required": true,
          "array": false,
          "size": 64,
          "default": null,
          "encrypt": false
        },
        {
          "key": "name",
          "type": "string",
          "required": true,
          "array": false,
          "size": 255,
          "default": null,
          "encrypt": false
        },
        {
          "key": "category",
          "type": "string",
          "required": false,
          "array": false,
          "size": 100,
          "default": null,
          "encrypt": false
        },
        {
          "key": "unit",
          "type": "string",
          "required": true,
          "array": false,
          "size": 50,
          "default": null,
          "encrypt": false
        },
        {
          "key": "costPerUnit",
          "type": "double",
          "required": false,
          "array": false,
          "min": null,
          "max": null,
          "default": null
        },
        {
          "key": "allergens",
          "type": "string",
          "required": false,
          "array": true,
          "size": 100,
          "default": null,
          "encrypt": false
        },
        {
          "key": "isAvailable",
          "type": "boolean",
          "required": false,
          "array": false,
          "default": true
        }
      ],
      "indexes": [
        {
          "key": "idx_createdBy",
          "type": "key",
          "status": "available",
          "attributes": ["createdBy"],
          "orders": ["ASC"]
        },
        {
          "key": "idx_category",
          "type": "key",
          "status": "available",
          "attributes": ["category"],
          "orders": ["ASC"]
        }
      ]
    },
    {
      "$id": "inventory",
      "$permissions": [],
      "databaseId": "imagine-project-db",
      "name": "inventory",
      "enabled": true,
      "documentSecurity": true,
      "attributes": [
        {
          "key": "createdBy",
          "type": "string",
          "required": true,
          "array": false,
          "size": 64,
          "default": null,
          "encrypt": false
        },
        {
          "key": "ingredientId",
          "type": "string",
          "required": true,
          "array": false,
          "size": 255,
          "default": null,
          "encrypt": false
        },
        {
          "key": "quantityInStock",
          "type": "double",
          "required": true,
          "array": false,
          "min": null,
          "max": null,
          "default": null
        },
        {
          "key": "minimumThreshold",
          "type": "double",
          "required": false,
          "array": false,
          "min": null,
          "max": null,
          "default": null
        },
        {
          "key": "lastRestockedAt",
          "type": "datetime",
          "required": false,
          "array": false,
          "format": "",
          "default": null
        },
        {
          "key": "expiresAt",
          "type": "datetime",
          "required": false,
          "array": false,
          "format": "",
          "default": null
        }
      ],
      "indexes": [
        {
          "key": "idx_createdBy",
          "type": "key",
          "status": "available",
          "attributes": ["createdBy"],
          "orders": ["ASC"]
        },
        {
          "key": "idx_ingredientId",
          "type": "key",
          "status": "available",
          "attributes": ["ingredientId"],
          "orders": ["ASC"]
        }
      ]
    },
    {
      "$id": "order-items",
      "$permissions": [],
      "databaseId": "imagine-project-db",
      "name": "order-items",
      "enabled": true,
      "documentSecurity": true,
      "attributes": [
        {
          "key": "createdBy",
          "type": "string",
          "required": true,
          "array": false,
          "size": 64,
          "default": null,
          "encrypt": false
        },
        {
          "key": "orderId",
          "type": "string",
          "required": true,
          "array": false,
          "size": 255,
          "default": null,
          "encrypt": false
        },
        {
          "key": "mealId",
          "type": "string",
          "required": true,
          "array": false,
          "size": 255,
          "default": null,
          "encrypt": false
        },
        {
          "key": "quantity",
          "type": "integer",
          "required": true,
          "array": false,
          "min": null,
          "max": null,
          "default": null
        },
        {
          "key": "unitPrice",
          "type": "double",
          "required": true,
          "array": false,
          "min": null,
          "max": null,
          "default": null
        },
        {
          "key": "totalPrice",
          "type": "double",
          "required": true,
          "array": false,
          "min": null,
          "max": null,
          "default": null
        },
        {
          "key": "portionSize",
          "type": "string",
          "required": false,
          "array": false,
          "size": 50,
          "default": null,
          "encrypt": false
        },
        {
          "key": "spiceLevel",
          "type": "string",
          "required": false,
          "array": false,
          "size": 50,
          "default": null,
          "encrypt": false
        },
        {
          "key": "addOns",
          "type": "string",
          "required": false,
          "array": true,
          "size": 255,
          "default": null,
          "encrypt": false
        },
        {
          "key": "addOnPrices",
          "type": "double",
          "required": false,
          "array": true,
          "min": null,
          "max": null,
          "default": null
        },
        {
          "key": "dietaryPreferences",
          "type": "string",
          "required": false,
          "array": true,
          "size": 100,
          "default": null,
          "encrypt": false
        },
        {
          "key": "specialInstructions",
          "type": "string",
          "required": false,
          "array": false,
          "size": 1000,
          "default": null,
          "encrypt": false
        }
      ],
      "indexes": [
        {
          "key": "idx_createdBy",
          "type": "key",
          "status": "available",
          "attributes": ["createdBy"],
          "orders": ["ASC"]
        },
        {
          "key": "idx_orderId",
          "type": "key",
          "status": "available",
          "attributes": ["orderId"],
          "orders": ["ASC"]
        },
        {
          "key": "idx_mealId",
          "type": "key",
          "status": "available",
          "attributes": ["mealId"],
          "orders": ["ASC"]
        }
      ]
    },
    {
      "$id": "meal-ingredients",
      "$permissions": [],
      "databaseId": "imagine-project-db",
      "name": "meal-ingredients",
      "enabled": true,
      "documentSecurity": true,
      "attributes": [
        {
          "key": "createdBy",
          "type": "string",
          "required": true,
          "array": false,
          "size": 64,
          "default": null,
          "encrypt": false
        },
        {
          "key": "mealId",
          "type": "string",
          "required": true,
          "array": false,
          "size": 255,
          "default": null,
          "encrypt": false
        },
        {
          "key": "ingredientId",
          "type": "string",
          "required": true,
          "array": false,
          "size": 255,
          "default": null,
          "encrypt": false
        },
        {
          "key": "quantityRequired",
          "type": "double",
          "required": true,
          "array": false,
          "min": null,
          "max": null,
          "default": null
        },
        {
          "key": "isOptional",
          "type": "boolean",
          "required": false,
          "array": false,
          "default": false
        },
        {
          "key": "isRemovable",
          "type": "boolean",
          "required": false,
          "array": false,
          "default": true
        }
      ],
      "indexes": [
        {
          "key": "idx_createdBy",
          "type": "key",
          "status": "available",
          "attributes": ["createdBy"],
          "orders": ["ASC"]
        },
        {
          "key": "idx_mealId",
          "type": "key",
          "status": "available",
          "attributes": ["mealId"],
          "orders": ["ASC"]
        },
        {
          "key": "idx_ingredientId",
          "type": "key",
          "status": "available",
          "attributes": ["ingredientId"],
          "orders": ["ASC"]
        }
      ]
    },
    {
      "$id": "notifications",
      "$permissions": [],
      "databaseId": "imagine-project-db",
      "name": "notifications",
      "enabled": true,
      "documentSecurity": true,
      "attributes": [
        {
          "key": "createdBy",
          "type": "string",
          "required": true,
          "array": false,
          "size": 64,
          "default": null,
          "encrypt": false
        },
        {
          "key": "orderId",
          "type": "string",
          "required": false,
          "array": false,
          "size": 255,
          "default": null,
          "encrypt": false
        },
        {
          "key": "type",
          "type": "string",
          "required": true,
          "array": false,
          "size": 100,
          "default": null,
          "encrypt": false
        },
        {
          "key": "title",
          "type": "string",
          "required": true,
          "array": false,
          "size": 255,
          "default": null,
          "encrypt": false
        },
        {
          "key": "message",
          "type": "string",
          "required": true,
          "array": false,
          "size": 1000,
          "default": null,
          "encrypt": false
        },
        {
          "key": "isRead",
          "type": "boolean",
          "required": false,
          "array": false,
          "default": false
        },
        {
          "key": "channel",
          "type": "string",
          "required": false,
          "array": false,
          "size": 50,
          "default": null,
          "encrypt": false
        },
        {
          "key": "sentAt",
          "type": "datetime",
          "required": false,
          "array": false,
          "format": "",
          "default": null
        }
      ],
      "indexes": [
        {
          "key": "idx_createdBy",
          "type": "key",
          "status": "available",
          "attributes": ["createdBy"],
          "orders": ["ASC"]
        },
        {
          "key": "idx_orderId",
          "type": "key",
          "status": "available",
          "attributes": ["orderId"],
          "orders": ["ASC"]
        },
        {
          "key": "idx_type",
          "type": "key",
          "status": "available",
          "attributes": ["type"],
          "orders": ["ASC"]
        },
        {
          "key": "idx_isRead",
          "type": "key",
          "status": "available",
          "attributes": ["isRead"],
          "orders": ["ASC"]
        }
      ]
    },
    {
      "$id": "add-ons",
      "$permissions": [],
      "databaseId": "imagine-project-db",
      "name": "add-ons",
      "enabled": true,
      "documentSecurity": true,
      "attributes": [
        {
          "key": "createdBy",
          "type": "string",
          "required": true,
          "array": false,
          "size": 64,
          "default": null,
          "encrypt": false
        },
        {
          "key": "name",
          "type": "string",
          "required": true,
          "array": false,
          "size": 255,
          "default": null,
          "encrypt": false
        },
        {
          "key": "price",
          "type": "double",
          "required": true,
          "array": false,
          "min": null,
          "max": null,
          "default": null
        },
        {
          "key": "calories",
          "type": "integer",
          "required": false,
          "array": false,
          "min": null,
          "max": null,
          "default": null
        },
        {
          "key": "category",
          "type": "string",
          "required": false,
          "array": false,
          "size": 100,
          "default": null,
          "encrypt": false
        },
        {
          "key": "allergens",
          "type": "string",
          "required": false,
          "array": true,
          "size": 100,
          "default": null,
          "encrypt": false
        },
        {
          "key": "isAvailable",
          "type": "boolean",
          "required": false,
          "array": false,
          "default": true
        },
        {
          "key": "applicableMealCategories",
          "type": "string",
          "required": false,
          "array": true,
          "size": 100,
          "default": null,
          "encrypt": false
        }
      ],
      "indexes": [
        {
          "key": "idx_createdBy",
          "type": "key",
          "status": "available",
          "attributes": ["createdBy"],
          "orders": ["ASC"]
        },
        {
          "key": "idx_category",
          "type": "key",
          "status": "available",
          "attributes": ["category"],
          "orders": ["ASC"]
        }
      ]
    },
    {
      "$id": "payments",
      "$permissions": [],
      "databaseId": "imagine-project-db",
      "name": "payments",
      "enabled": true,
      "documentSecurity": true,
      "attributes": [
        {
          "key": "createdBy",
          "type": "string",
          "required": true,
          "array": false,
          "size": 64,
          "default": null,
          "encrypt": false
        },
        {
          "key": "orderId",
          "type": "string",
          "required": true,
          "array": false,
          "size": 255,
          "default": null,
          "encrypt": false
        },
        {
          "key": "amount",
          "type": "double",
          "required": true,
          "array": false,
          "min": null,
          "max": null,
          "default": null
        },
        {
          "key": "currency",
          "type": "string",
          "required": true,
          "array": false,
          "size": 10,
          "default": null,
          "encrypt": false
        },
        {
          "key": "status",
          "type": "string",
          "required": true,
          "array": false,
          "size": 50,
          "default": null,
          "encrypt": false
        },
        {
          "key": "paymentMethod",
          "type": "string",
          "required": false,
          "array": false,
          "size": 100,
          "default": null,
          "encrypt": false
        },
        {
          "key": "transactionId",
          "type": "string",
          "required": false,
          "array": false,
          "size": 255,
          "default": null,
          "encrypt": false
        },
        {
          "key": "gatewayResponse",
          "type": "string",
          "required": false,
          "array": false,
          "size": 2000,
          "default": null,
          "encrypt": false
        },
        {
          "key": "paidAt",
          "type": "datetime",
          "required": false,
          "array": false,
          "format": "",
          "default": null
        },
        {
          "key": "refundedAt",
          "type": "datetime",
          "required": false,
          "array": false,
          "format": "",
          "default": null
        }
      ],
      "indexes": [
        {
          "key": "idx_createdBy",
          "type": "key",
          "status": "available",
          "attributes": ["createdBy"],
          "orders": ["ASC"]
        },
        {
          "key": "idx_orderId",
          "type": "key",
          "status": "available",
          "attributes": ["orderId"],
          "orders": ["ASC"]
        },
        {
          "key": "idx_status",
          "type": "key",
          "status": "available",
          "attributes": ["status"],
          "orders": ["ASC"]
        },
        {
          "key": "idx_transactionId",
          "type": "key",
          "status": "available",
          "attributes": ["transactionId"],
          "orders": ["ASC"]
        }
      ]
    },
    {
      "$id": "daily-specials",
      "$permissions": [],
      "databaseId": "imagine-project-db",
      "name": "daily-specials",
      "enabled": true,
      "documentSecurity": true,
      "attributes": [
        {
          "key": "createdBy",
          "type": "string",
          "required": true,
          "array": false,
          "size": 64,
          "default": null,
          "encrypt": false
        },
        {
          "key": "mealId",
          "type": "string",
          "required": true,
          "array": false,
          "size": 255,
          "default": null,
          "encrypt": false
        },
        {
          "key": "discountPercent",
          "type": "double",
          "required": false,
          "array": false,
          "min": null,
          "max": null,
          "default": null
        },
        {
          "key": "specialPrice",
          "type": "double",
          "required": false,
          "array": false,
          "min": null,
          "max": null,
          "default": null
        },
        {
          "key": "validFrom",
          "type": "datetime",
          "required": true,
          "array": false,
          "format": "",
          "default": null
        },
        {
          "key": "validUntil",
          "type": "datetime",
          "required": true,
          "array": false,
          "format": "",
          "default": null
        },
        {
          "key": "maxQuantity",
          "type": "integer",
          "required": false,
          "array": false,
          "min": null,
          "max": null,
          "default": null
        },
        {
          "key": "soldCount",
          "type": "integer",
          "required": false,
          "array": false,
          "min": null,
          "max": null,
          "default": null
        }
      ],
      "indexes": [
        {
          "key": "idx_createdBy",
          "type": "key",
          "status": "available",
          "attributes": ["createdBy"],
          "orders": ["ASC"]
        },
        {
          "key": "idx_mealId",
          "type": "key",
          "status": "available",
          "attributes": ["mealId"],
          "orders": ["ASC"]
        },
        {
          "key": "idx_validFrom",
          "type": "key",
          "status": "available",
          "attributes": ["validFrom"],
          "orders": ["ASC"]
        }
      ]
    },
    {
      "$id": "order-history",
      "$permissions": [],
      "databaseId": "imagine-project-db",
      "name": "order-history",
      "enabled": true,
      "documentSecurity": true,
      "attributes": [
        {
          "key": "createdBy",
          "type": "string",
          "required": true,
          "array": false,
          "size": 64,
          "default": null,
          "encrypt": false
        },
        {
          "key": "orderId",
          "type": "string",
          "required": true,
          "array": false,
          "size": 255,
          "default": null,
          "encrypt": false
        },
        {
          "key": "previousStatus",
          "type": "string",
          "required": false,
          "array": false,
          "size": 50,
          "default": null,
          "encrypt": false
        },
        {
          "key": "newStatus",
          "type": "string",
          "required": true,
          "array": false,
          "size": 50,
          "default": null,
          "encrypt": false
        },
        {
          "key": "changedBy",
          "type": "string",
          "required": true,
          "array": false,
          "size": 64,
          "default": null,
          "encrypt": false
        },
        {
          "key": "notes",
          "type": "string",
          "required": false,
          "array": false,
          "size": 500,
          "default": null,
          "encrypt": false
        }
      ],
      "indexes": [
        {
          "key": "idx_createdBy",
          "type": "key",
          "status": "available",
          "attributes": ["createdBy"],
          "orders": ["ASC"]
        },
        {
          "key": "idx_orderId",
          "type": "key",
          "status": "available",
          "attributes": ["orderId"],
          "orders": ["ASC"]
        }
      ]
    },
    {
      "$id": "user-profiles",
      "$permissions": [],
      "databaseId": "imagine-project-db",
      "name": "user-profiles",
      "enabled": true,
      "documentSecurity": true,
      "attributes": [
        {
          "key": "createdBy",
          "type": "string",
          "required": true,
          "array": false,
          "size": 64,
          "default": null,
          "encrypt": false
        },
        {
          "key": "displayName",
          "type": "string",
          "required": false,
          "array": false,
          "size": 255,
          "default": null,
          "encrypt": false
        },
        {
          "key": "phoneNumber",
          "type": "string",
          "required": false,
          "array": false,
          "size": 20,
          "default": null,
          "encrypt": false
        },
        {
          "key": "avatarFileId",
          "type": "string",
          "required": false,
          "array": false,
          "size": 255,
          "default": null,
          "encrypt": false
        },
        {
          "key": "ssoProvider",
          "type": "string",
          "required": false,
          "array": false,
          "size": 50,
          "default": null,
          "encrypt": false
        },
        {
          "key": "notifyByPush",
          "type": "boolean",
          "required": false,
          "array": false,
          "default": true
        },
        {
          "key": "notifyBySms",
          "type": "boolean",
          "required": false,
          "array": false,
          "default": false
        },
        {
          "key": "notifyByEmail",
          "type": "boolean",
          "required": false,
          "array": false,
          "default": true
        },
        {
          "key": "preferredPickupLocation",
          "type": "string",
          "required": false,
          "array": false,
          "size": 255,
          "default": null,
          "encrypt": false
        },
        {
          "key": "defaultPaymentMethod",
          "type": "string",
          "required": false,
          "array": false,
          "size": 100,
          "default": null,
          "encrypt": false
        },
        {
          "key": "stripeCustomerId",
          "type": "string",
          "required": false,
          "array": false,
          "size": 255,
          "default": null,
          "encrypt": false
        },
        {
          "key": "isStaff",
          "type": "boolean",
          "required": false,
          "array": false,
          "default": false
        },
        {
          "key": "isAdmin",
          "type": "boolean",
          "required": false,
          "array": false,
          "default": false
        },
        {
          "key": "gdprConsentAt",
          "type": "datetime",
          "required": false,
          "array": false,
          "format": "",
          "default": null
        },
        {
          "key": "marketingConsentAt",
          "type": "datetime",
          "required": false,
          "array": false,
          "format": "",
          "default": null
        }
      ],
      "indexes": [
        {
          "key": "idx_createdBy",
          "type": "key",
          "status": "available",
          "attributes": ["createdBy"],
          "orders": ["ASC"]
        },
        {
          "key": "idx_phoneNumber",
          "type": "key",
          "status": "available",
          "attributes": ["phoneNumber"],
          "orders": ["ASC"]
        },
        {
          "key": "idx_isStaff",
          "type": "key",
          "status": "available",
          "attributes": ["isStaff"],
          "orders": ["ASC"]
        }
      ]
    },
    {
      "$id": "promo-codes",
      "$permissions": [],
      "databaseId": "imagine-project-db",
      "name": "promo-codes",
      "enabled": true,
      "documentSecurity": true,
      "attributes": [
        {
          "key": "createdBy",
          "type": "string",
          "required": true,
          "array": false,
          "size": 64,
          "default": null,
          "encrypt": false
        },
        {
          "key": "code",
          "type": "string",
          "required": true,
          "array": false,
          "size": 50,
          "default": null,
          "encrypt": false
        },
        {
          "key": "discountType",
          "type": "string",
          "required": true,
          "array": false,
          "size": 20,
          "default": null,
          "encrypt": false
        },
        {
          "key": "discountValue",
          "type": "double",
          "required": true,
          "array": false,
          "min": null,
          "max": null,
          "default": null
        },
        {
          "key": "minOrderAmount",
          "type": "double",
          "required": false,
          "array": false,
          "min": null,
          "max": null,
          "default": null
        },
        {
          "key": "maxDiscountAmount",
          "type": "double",
          "required": false,
          "array": false,
          "min": null,
          "max": null,
          "default": null
        },
        {
          "key": "validFrom",
          "type": "datetime",
          "required": true,
          "array": false,
          "format": "",
          "default": null
        },
        {
          "key": "validUntil",
          "type": "datetime",
          "required": true,
          "array": false,
          "format": "",
          "default": null
        },
        {
          "key": "maxUses",
          "type": "integer",
          "required": false,
          "array": false,
          "min": null,
          "max": null,
          "default": null
        },
        {
          "key": "currentUses",
          "type": "integer",
          "required": false,
          "array": false,
          "min": null,
          "max": null,
          "default": null
        },
        {
          "key": "applicableMealIds",
          "type": "string",
          "required": false,
          "array": true,
          "size": 255,
          "default": null,
          "encrypt": false
        },
        {
          "key": "applicableCategories",
          "type": "string",
          "required": false,
          "array": true,
          "size": 100,
          "default": null,
          "encrypt": false
        },
        {
          "key": "isActive",
          "type": "boolean",
          "required": false,
          "array": false,
          "default": true
        }
      ],
      "indexes": [
        {
          "key": "idx_createdBy",
          "type": "key",
          "status": "available",
          "attributes": ["createdBy"],
          "orders": ["ASC"]
        },
        {
          "key": "idx_code",
          "type": "unique",
          "status": "available",
          "attributes": ["code"],
          "orders": ["ASC"]
        },
        {
          "key": "idx_isActive",
          "type": "key",
          "status": "available",
          "attributes": ["isActive"],
          "orders": ["ASC"]
        }
      ]
    },
    {
      "$id": "kitchen-queue",
      "$permissions": [],
      "databaseId": "imagine-project-db",
      "name": "kitchen-queue",
      "enabled": true,
      "documentSecurity": true,
      "attributes": [
        {
          "key": "createdBy",
          "type": "string",
          "required": true,
          "array": false,
          "size": 64,
          "default": null,
          "encrypt": false
        },
        {
          "key": "orderId",
          "type": "string",
          "required": true,
          "array": false,
          "size": 255,
          "default": null,
          "encrypt": false
        },
        {
          "key": "orderItemId",
          "type": "string",
          "required": false,
          "array": false,
          "size": 255,
          "default": null,
          "encrypt": false
        },
        {
          "key": "station",
          "type": "string",
          "required": false,
          "array": false,
          "size": 100,
          "default": null,
          "encrypt": false
        },
        {
          "key": "status",
          "type": "string",
          "required": true,
          "array": false,
          "size": 50,
          "default": null,
          "encrypt": false
        },
        {
          "key": "priority",
          "type": "integer",
          "required": false,
          "array": false,
          "min": null,
          "max": null,
          "default": null
        },
        {
          "key": "assignedTo",
          "type": "string",
          "required": false,
          "array": false,
          "size": 64,
          "default": null,
          "encrypt": false
        },
        {
          "key": "estimatedPrepTime",
          "type": "integer",
          "required": false,
          "array": false,
          "min": null,
          "max": null,
          "default": null
        },
        {
          "key": "startedAt",
          "type": "datetime",
          "required": false,
          "array": false,
          "format": "",
          "default": null
        },
        {
          "key": "completedAt",
          "type": "datetime",
          "required": false,
          "array": false,
          "format": "",
          "default": null
        },
        {
          "key": "displayPosition",
          "type": "integer",
          "required": false,
          "array": false,
          "min": null,
          "max": null,
          "default": null
        }
      ],
      "indexes": [
        {
          "key": "idx_createdBy",
          "type": "key",
          "status": "available",
          "attributes": ["createdBy"],
          "orders": ["ASC"]
        },
        {
          "key": "idx_orderId",
          "type": "key",
          "status": "available",
          "attributes": ["orderId"],
          "orders": ["ASC"]
        },
        {
          "key": "idx_status",
          "type": "key",
          "status": "available",
          "attributes": ["status"],
          "orders": ["ASC"]
        },
        {
          "key": "idx_station",
          "type": "key",
          "status": "available",
          "attributes": ["station"],
          "orders": ["ASC"]
        },
        {
          "key": "idx_priority",
          "type": "key",
          "status": "available",
          "attributes": ["priority"],
          "orders": ["DESC"]
        }
      ]
    },
    {
      "$id": "promo-redemptions",
      "$permissions": [],
      "databaseId": "imagine-project-db",
      "name": "promo-redemptions",
      "enabled": true,
      "documentSecurity": true,
      "attributes": [
        {
          "key": "createdBy",
          "type": "string",
          "required": true,
          "array": false,
          "size": 64,
          "default": null,
          "encrypt": false
        },
        {
          "key": "promoCodeId",
          "type": "string",
          "required": true,
          "array": false,
          "size": 255,
          "default": null,
          "encrypt": false
        },
        {
          "key": "orderId",
          "type": "string",
          "required": true,
          "array": false,
          "size": 255,
          "default": null,
          "encrypt": false
        },
        {
          "key": "discountApplied",
          "type": "double",
          "required": true,
          "array": false,
          "min": null,
          "max": null,
          "default": null
        }
      ],
      "indexes": [
        {
          "key": "idx_createdBy",
          "type": "key",
          "status": "available",
          "attributes": ["createdBy"],
          "orders": ["ASC"]
        },
        {
          "key": "idx_promoCodeId",
          "type": "key",
          "status": "available",
          "attributes": ["promoCodeId"],
          "orders": ["ASC"]
        },
        {
          "key": "idx_orderId",
          "type": "key",
          "status": "available",
          "attributes": ["orderId"],
          "orders": ["ASC"]
        }
      ]
    },
    {
      "$id": "user-similarity",
      "$permissions": [],
      "databaseId": "imagine-project-db",
      "name": "user-similarity",
      "enabled": true,
      "documentSecurity": true,
      "attributes": [
        {
          "key": "createdBy",
          "type": "string",
          "required": true,
          "array": false,
          "size": 64,
          "default": null,
          "encrypt": false
        },
        {
          "key": "similarUserId",
          "type": "string",
          "required": true,
          "array": false,
          "size": 64,
          "default": null,
          "encrypt": false
        },
        {
          "key": "similarityScore",
          "type": "double",
          "required": true,
          "array": false,
          "min": null,
          "max": null,
          "default": null
        },
        {
          "key": "algorithmVersion",
          "type": "string",
          "required": false,
          "array": false,
          "size": 50,
          "default": null,
          "encrypt": false
        },
        {
          "key": "sharedMealCount",
          "type": "integer",
          "required": false,
          "array": false,
          "min": null,
          "max": null,
          "default": null
        },
        {
          "key": "calculatedAt",
          "type": "datetime",
          "required": false,
          "array": false,
          "format": "",
          "default": null
        }
      ],
      "indexes": [
        {
          "key": "idx_createdBy",
          "type": "key",
          "status": "available",
          "attributes": ["createdBy"],
          "orders": ["ASC"]
        },
        {
          "key": "idx_similarUserId",
          "type": "key",
          "status": "available",
          "attributes": ["similarUserId"],
          "orders": ["ASC"]
        },
        {
          "key": "idx_similarityScore",
          "type": "key",
          "status": "available",
          "attributes": ["similarityScore"],
          "orders": ["DESC"]
        }
      ]
    },
    {
      "$id": "meal-embeddings",
      "$permissions": [],
      "databaseId": "imagine-project-db",
      "name": "meal-embeddings",
      "enabled": true,
      "documentSecurity": true,
      "attributes": [
        {
          "key": "createdBy",
          "type": "string",
          "required": true,
          "array": false,
          "size": 64,
          "default": null,
          "encrypt": false
        },
        {
          "key": "mealId",
          "type": "string",
          "required": true,
          "array": false,
          "size": 255,
          "default": null,
          "encrypt": false
        },
        {
          "key": "embeddingVector",
          "type": "string",
          "required": true,
          "array": false,
          "size": 5000,
          "default": null,
          "encrypt": false
        },
        {
          "key": "featureTags",
          "type": "string",
          "required": false,
          "array": true,
          "size": 100,
          "default": null,
          "encrypt": false
        },
        {
          "key": "cuisineType",
          "type": "string",
          "required": false,
          "array": false,
          "size": 100,
          "default": null,
          "encrypt": false
        },
        {
          "key": "flavorProfile",
          "type": "string",
          "required": false,
          "array": true,
          "size": 50,
          "default": null,
          "encrypt": false
        },
        {
          "key": "proteinContent",
          "type": "double",
          "required": false,
          "array": false,
          "min": null,
          "max": null,
          "default": null
        },
        {
          "key": "carbContent",
          "type": "double",
          "required": false,
          "array": false,
          "min": null,
          "max": null,
          "default": null
        },
        {
          "key": "fatContent",
          "type": "double",
          "required": false,
          "array": false,
          "min": null,
          "max": null,
          "default": null
        },
        {
          "key": "spiceLevel",
          "type": "integer",
          "required": false,
          "array": false,
          "min": null,
          "max": null,
          "default": null
        },
        {
          "key": "modelVersion",
          "type": "string",
          "required": false,
          "array": false,
          "size": 50,
          "default": null,
          "encrypt": false
        },
        {
          "key": "generatedAt",
          "type": "datetime",
          "required": false,
          "array": false,
          "format": "",
          "default": null
        }
      ],
      "indexes": [
        {
          "key": "idx_createdBy",
          "type": "key",
          "status": "available",
          "attributes": ["createdBy"],
          "orders": ["ASC"]
        },
        {
          "key": "idx_mealId",
          "type": "unique",
          "status": "available",
          "attributes": ["mealId"],
          "orders": ["ASC"]
        },
        {
          "key": "idx_cuisineType",
          "type": "key",
          "status": "available",
          "attributes": ["cuisineType"],
          "orders": ["ASC"]
        }
      ]
    },
    {
      "$id": "user-taste-profile",
      "$permissions": [],
      "databaseId": "imagine-project-db",
      "name": "user-taste-profile",
      "enabled": true,
      "documentSecurity": true,
      "attributes": [
        {
          "key": "createdBy",
          "type": "string",
          "required": true,
          "array": false,
          "size": 64,
          "default": null,
          "encrypt": false
        },
        {
          "key": "preferredCuisines",
          "type": "string",
          "required": false,
          "array": true,
          "size": 100,
          "default": null,
          "encrypt": false
        },
        {
          "key": "avoidedCuisines",
          "type": "string",
          "required": false,
          "array": true,
          "size": 100,
          "default": null,
          "encrypt": false
        },
        {
          "key": "flavorPreferences",
          "type": "string",
          "required": false,
          "array": true,
          "size": 50,
          "default": null,
          "encrypt": false
        },
        {
          "key": "spiceTolerance",
          "type": "integer",
          "required": false,
          "array": false,
          "min": null,
          "max": null,
          "default": null
        },
        {
          "key": "preferredProteins",
          "type": "string",
          "required": false,
          "array": true,
          "size": 100,
          "default": null,
          "encrypt": false
        },
        {
          "key": "avoidedIngredients",
          "type": "string",
          "required": false,
          "array": true,
          "size": 255,
          "default": null,
          "encrypt": false
        },
        {
          "key": "preferredMealTimes",
          "type": "string",
          "required": false,
          "array": true,
          "size": 50,
          "default": null,
          "encrypt": false
        },
        {
          "key": "avgOrderFrequency",
          "type": "double",
          "required": false,
          "array": false,
          "min": null,
          "max": null,
          "default": null
        },
        {
          "key": "preferredPortionSize",
          "type": "string",
          "required": false,
          "array": false,
          "size": 50,
          "default": null,
          "encrypt": false
        },
        {
          "key": "budgetPreference",
          "type": "string",
          "required": false,
          "array": false,
          "size": 50,
          "default": null,
          "encrypt": false
        },
        {
          "key": "tasteVector",
          "type": "string",
          "required": false,
          "array": false,
          "size": 5000,
          "default": null,
          "encrypt": false
        },
        {
          "key": "lastUpdatedAt",
          "type": "datetime",
          "required": false,
          "array": false,
          "format": "",
          "default": null
        }
      ],
      "indexes": [
        {
          "key": "idx_createdBy",
          "type": "key",
          "status": "available",
          "attributes": ["createdBy"],
          "orders": ["ASC"]
        }
      ]
    },
    {
      "$id": "contextual-offers",
      "$permissions": [],
      "databaseId": "imagine-project-db",
      "name": "contextual-offers",
      "enabled": true,
      "documentSecurity": true,
      "attributes": [
        {
          "key": "createdBy",
          "type": "string",
          "required": true,
          "array": false,
          "size": 64,
          "default": null,
          "encrypt": false
        },
        {
          "key": "offerType",
          "type": "string",
          "required": true,
          "array": false,
          "size": 50,
          "default": null,
          "encrypt": false
        },
        {
          "key": "title",
          "type": "string",
          "required": true,
          "array": false,
          "size": 255,
          "default": null,
          "encrypt": false
        },
        {
          "key": "description",
          "type": "string",
          "required": false,
          "array": false,
          "size": 1000,
          "default": null,
          "encrypt": false
        },
        {
          "key": "triggerType",
          "type": "string",
          "required": true,
          "array": false,
          "size": 50,
          "default": null,
          "encrypt": false
        },
        {
          "key": "triggerMealId",
          "type": "string",
          "required": false,
          "array": false,
          "size": 255,
          "default": null,
          "encrypt": false
        },
        {
          "key": "triggerCategory",
          "type": "string",
          "required": false,
          "array": false,
          "size": 100,
          "default": null,
          "encrypt": false
        },
        {
          "key": "triggerTimeStart",
          "type": "string",
          "required": false,
          "array": false,
          "size": 10,
          "default": null,
          "encrypt": false
        },
        {
          "key": "triggerTimeEnd",
          "type": "string",
          "required": false,
          "array": false,
          "size": 10,
          "default": null,
          "encrypt": false
        },
        {
          "key": "triggerDaysOfWeek",
          "type": "string",
          "required": false,
          "array": true,
          "size": 10,
          "default": null,
          "encrypt": false
        },
        {
          "key": "suggestedMealId",
          "type": "string",
          "required": false,
          "array": false,
          "size": 255,
          "default": null,
          "encrypt": false
        },
        {
          "key": "suggestedAddOnId",
          "type": "string",
          "required": false,
          "array": false,
          "size": 255,
          "default": null,
          "encrypt": false
        },
        {
          "key": "discountType",
          "type": "string",
          "required": false,
          "array": false,
          "size": 20,
          "default": null,
          "encrypt": false
        },
        {
          "key": "discountValue",
          "type": "double",
          "required": false,
          "array": false,
          "min": null,
          "max": null,
          "default": null
        },
        {
          "key": "requiresPastPurchase",
          "type": "boolean",
          "required": false,
          "array": false,
          "default": false
        },
        {
          "key": "minInventoryLevel",
          "type": "integer",
          "required": false,
          "array": false,
          "min": null,
          "max": null,
          "default": null
        },
        {
          "key": "priority",
          "type": "integer",
          "required": false,
          "array": false,
          "min": null,
          "max": null,
          "default": null
        },
        {
          "key": "validFrom",
          "type": "datetime",
          "required": false,
          "array": false,
          "format": "",
          "default": null
        },
        {
          "key": "validUntil",
          "type": "datetime",
          "required": false,
          "array": false,
          "format": "",
          "default": null
        },
        {
          "key": "isActive",
          "type": "boolean",
          "required": false,
          "array": false,
          "default": true
        }
      ],
      "indexes": [
        {
          "key": "idx_createdBy",
          "type": "key",
          "status": "available",
          "attributes": ["createdBy"],
          "orders": ["ASC"]
        },
        {
          "key": "idx_offerType",
          "type": "key",
          "status": "available",
          "attributes": ["offerType"],
          "orders": ["ASC"]
        },
        {
          "key": "idx_triggerType",
          "type": "key",
          "status": "available",
          "attributes": ["triggerType"],
          "orders": ["ASC"]
        },
        {
          "key": "idx_isActive",
          "type": "key",
          "status": "available",
          "attributes": ["isActive"],
          "orders": ["ASC"]
        },
        {
          "key": "idx_priority",
          "type": "key",
          "status": "available",
          "attributes": ["priority"],
          "orders": ["DESC"]
        }
      ]
    },
    {
      "$id": "offer-impressions",
      "$permissions": [],
      "databaseId": "imagine-project-db",
      "name": "offer-impressions",
      "enabled": true,
      "documentSecurity": true,
      "attributes": [
        {
          "key": "createdBy",
          "type": "string",
          "required": true,
          "array": false,
          "size": 64,
          "default": null,
          "encrypt": false
        },
        {
          "key": "offerId",
          "type": "string",
          "required": true,
          "array": false,
          "size": 255,
          "default": null,
          "encrypt": false
        },
        {
          "key": "impressionType",
          "type": "string",
          "required": true,
          "array": false,
          "size": 50,
          "default": null,
          "encrypt": false
        },
        {
          "key": "wasAccepted",
          "type": "boolean",
          "required": false,
          "array": false,
          "default": false
        },
        {
          "key": "wasDismissed",
          "type": "boolean",
          "required": false,
          "array": false,
          "default": false
        },
        {
          "key": "resultingOrderId",
          "type": "string",
          "required": false,
          "array": false,
          "size": 255,
          "default": null,
          "encrypt": false
        },
        {
          "key": "contextMealId",
          "type": "string",
          "required": false,
          "array": false,
          "size": 255,
          "default": null,
          "encrypt": false
        },
        {
          "key": "displayedAt",
          "type": "datetime",
          "required": false,
          "array": false,
          "format": "",
          "default": null
        },
        {
          "key": "respondedAt",
          "type": "datetime",
          "required": false,
          "array": false,
          "format": "",
          "default": null
        }
      ],
      "indexes": [
        {
          "key": "idx_createdBy",
          "type": "key",
          "status": "available",
          "attributes": ["createdBy"],
          "orders": ["ASC"]
        },
        {
          "key": "idx_offerId",
          "type": "key",
          "status": "available",
          "attributes": ["offerId"],
          "orders": ["ASC"]
        },
        {
          "key": "idx_wasAccepted",
          "type": "key",
          "status": "available",
          "attributes": ["wasAccepted"],
          "orders": ["ASC"]
        }
      ]
    },
    {
      "$id": "ml-model-metadata",
      "$permissions": [],
      "databaseId": "imagine-project-db",
      "name": "ml-model-metadata",
      "enabled": true,
      "documentSecurity": true,
      "attributes": [
        {
          "key": "createdBy",
          "type": "string",
          "required": true,
          "array": false,
          "size": 64,
          "default": null,
          "encrypt": false
        },
        {
          "key": "modelName",
          "type": "string",
          "required": true,
          "array": false,
          "size": 255,
          "default": null,
          "encrypt": false
        },
        {
          "key": "modelType",
          "type": "string",
          "required": true,
          "array": false,
          "size": 100,
          "default": null,
          "encrypt": false
        },
        {
          "key": "version",
          "type": "string",
          "required": true,
          "array": false,
          "size": 50,
          "default": null,
          "encrypt": false
        },
        {
          "key": "endpoint",
          "type": "string",
          "required": false,
          "array": false,
          "size": 500,
          "default": null,
          "encrypt": false
        },
        {
          "key": "accuracy",
          "type": "double",
          "required": false,
          "array": false,
          "min": null,
          "max": null,
          "default": null
        },
        {
          "key": "trainingDataSize",
          "type": "integer",
          "required": false,
          "array": false,
          "min": null,
          "max": null,
          "default": null
        },
        {
          "key": "hyperparameters",
          "type": "string",
          "required": false,
          "array": false,
          "size": 2000,
          "default": null,
          "encrypt": false
        },
        {
          "key": "isActive",
          "type": "boolean",
          "required": false,
          "array": false,
          "default": false
        },
        {
          "key": "trainedAt",
          "type": "datetime",
          "required": false,
          "array": false,
          "format": "",
          "default": null
        },
        {
          "key": "deployedAt",
          "type": "datetime",
          "required": false,
          "array": false,
          "format": "",
          "default": null
        }
      ],
      "indexes": [
        {
          "key": "idx_createdBy",
          "type": "key",
          "status": "available",
          "attributes": ["createdBy"],
          "orders": ["ASC"]
        },
        {
          "key": "idx_modelType",
          "type": "key",
          "status": "available",
          "attributes": ["modelType"],
          "orders": ["ASC"]
        },
        {
          "key": "idx_isActive",
          "type": "key",
          "status": "available",
          "attributes": ["isActive"],
          "orders": ["ASC"]
        }
      ]
    },
    {
      "$id": "meal-pairing-rules",
      "$permissions": [],
      "databaseId": "imagine-project-db",
      "name": "meal-pairing-rules",
      "enabled": true,
      "documentSecurity": true,
      "attributes": [
        {
          "key": "createdBy",
          "type": "string",
          "required": true,
          "array": false,
          "size": 64,
          "default": null,
          "encrypt": false
        },
        {
          "key": "primaryMealId",
          "type": "string",
          "required": true,
          "array": false,
          "size": 255,
          "default": null,
          "encrypt": false
        },
        {
          "key": "pairedItemId",
          "type": "string",
          "required": true,
          "array": false,
          "size": 255,
          "default": null,
          "encrypt": false
        },
        {
          "key": "pairedItemType",
          "type": "string",
          "required": true,
          "array": false,
          "size": 50,
          "default": null,
          "encrypt": false
        },
        {
          "key": "pairingScore",
          "type": "double",
          "required": false,
          "array": false,
          "min": null,
          "max": null,
          "default": null
        },
        {
          "key": "pairingReason",
          "type": "string",
          "required": false,
          "array": false,
          "size": 500,
          "default": null,
          "encrypt": false
        },
        {
          "key": "isMLGenerated",
          "type": "boolean",
          "required": false,
          "array": false,
          "default": false
        },
        {
          "key": "acceptanceRate",
          "type": "double",
          "required": false,
          "array": false,
          "min": null,
          "max": null,
          "default": null
        },
        {
          "key": "timesShown",
          "type": "integer",
          "required": false,
          "array": false,
          "min": null,
          "max": null,
          "default": null
        },
        {
          "key": "timesAccepted",
          "type": "integer",
          "required": false,
          "array": false,
          "min": null,
          "max": null,
          "default": null
        }
      ],
      "indexes": [
        {
          "key": "idx_createdBy",
          "type": "key",
          "status": "available",
          "attributes": ["createdBy"],
          "orders": ["ASC"]
        },
        {
          "key": "idx_primaryMealId",
          "type": "key",
          "status": "available",
          "attributes": ["primaryMealId"],
          "orders": ["ASC"]
        },
        {
          "key": "idx_pairingScore",
          "type": "key",
          "status": "available",
          "attributes": ["pairingScore"],
          "orders": ["DESC"]
        }
      ]
    },
    {
      "$id": "inventory-alerts",
      "$permissions": [],
      "databaseId": "imagine-project-db",
      "name": "inventory-alerts",
      "enabled": true,
      "documentSecurity": true,
      "attributes": [
        {
          "key": "createdBy",
          "type": "string",
          "required": true,
          "array": false,
          "size": 64,
          "default": null,
          "encrypt": false
        },
        {
          "key": "ingredientId",
          "type": "string",
          "required": true,
          "array": false,
          "size": 255,
          "default": null,
          "encrypt": false
        },
        {
          "key": "mealId",
          "type": "string",
          "required": false,
          "array": false,
          "size": 255,
          "default": null,
          "encrypt": false
        },
        {
          "key": "alertType",
          "type": "string",
          "required": true,
          "array": false,
          "size": 50,
          "default": null,
          "encrypt": false
        },
        {
          "key": "previousQuantity",
          "type": "double",
          "required": false,
          "array": false,
          "min": null,
          "max": null,
          "default": null
        },
        {
          "key": "currentQuantity",
          "type": "double",
          "required": true,
          "array": false,
          "min": null,
          "max": null,
          "default": null
        },
        {
          "key": "thresholdTriggered",
          "type": "double",
          "required": false,
          "array": false,
          "min": null,
          "max": null,
          "default": null
        },
        {
          "key": "isResolved",
          "type": "boolean",
          "required": false,
          "array": false,
          "default": false
        },
        {
          "key": "resolvedAt",
          "type": "datetime",
          "required": false,
          "array": false,
          "format": "",
          "default": null
        },
        {
          "key": "resolvedBy",
          "type": "string",
          "required": false,
          "array": false,
          "size": 64,
          "default": null,
          "encrypt": false
        }
      ],
      "indexes": [
        {
          "key": "idx_createdBy",
          "type": "key",
          "status": "available",
          "attributes": ["createdBy"],
          "orders": ["ASC"]
        },
        {
          "key": "idx_ingredientId",
          "type": "key",
          "status": "available",
          "attributes": ["ingredientId"],
          "orders": ["ASC"]
        },
        {
          "key": "idx_alertType",
          "type": "key",
          "status": "available",
          "attributes": ["alertType"],
          "orders": ["ASC"]
        },
        {
          "key": "idx_isResolved",
          "type": "key",
          "status": "available",
          "attributes": ["isResolved"],
          "orders": ["ASC"]
        }
      ]
    },
    {
      "$id": "meal-availability",
      "$permissions": [],
      "databaseId": "imagine-project-db",
      "name": "meal-availability",
      "enabled": true,
      "documentSecurity": true,
      "attributes": [
        {
          "key": "createdBy",
          "type": "string",
          "required": true,
          "array": false,
          "size": 64,
          "default": null,
          "encrypt": false
        },
        {
          "key": "mealId",
          "type": "string",
          "required": true,
          "array": false,
          "size": 255,
          "default": null,
          "encrypt": false
        },
        {
          "key": "isAvailable",
          "type": "boolean",
          "required": true,
          "array": false,
          "default": null
        },
        {
          "key": "availableQuantity",
          "type": "integer",
          "required": false,
          "array": false,
          "min": null,
          "max": null,
          "default": null
        },
        {
          "key": "unavailableReason",
          "type": "string",
          "required": false,
          "array": false,
          "size": 255,
          "default": null,
          "encrypt": false
        },
        {
          "key": "missingIngredients",
          "type": "string",
          "required": false,
          "array": true,
          "size": 255,
          "default": null,
          "encrypt": false
        },
        {
          "key": "estimatedRestockAt",
          "type": "datetime",
          "required": false,
          "array": false,
          "format": "",
          "default": null
        },
        {
          "key": "lastCheckedAt",
          "type": "datetime",
          "required": false,
          "array": false,
          "format": "",
          "default": null
        }
      ],
      "indexes": [
        {
          "key": "idx_createdBy",
          "type": "key",
          "status": "available",
          "attributes": ["createdBy"],
          "orders": ["ASC"]
        },
        {
          "key": "idx_mealId",
          "type": "unique",
          "status": "available",
          "attributes": ["mealId"],
          "orders": ["ASC"]
        },
        {
          "key": "idx_isAvailable",
          "type": "key",
          "status": "available",
          "attributes": ["isAvailable"],
          "orders": ["ASC"]
        }
      ]
    },
    {
      "$id": "scheduled-orders",
      "$permissions": [],
      "databaseId": "imagine-project-db",
      "name": "scheduled-orders",
      "enabled": true,
      "documentSecurity": true,
      "attributes": [
        {
          "key": "createdBy",
          "type": "string",
          "required": true,
          "array": false,
          "size": 64,
          "default": null,
          "encrypt": false
        },
        {
          "key": "orderId",
          "type": "string",
          "required": true,
          "array": false,
          "size": 255,
          "default": null,
          "encrypt": false
        },
        {
          "key": "scheduledPickupTime",
          "type": "datetime",
          "required": true,
          "array": false,
          "format": "",
          "default": null
        },
        {
          "key": "releaseToKitchenAt",
          "type": "datetime",
          "required": true,
          "array": false,
          "format": "",
          "default": null
        },
        {
          "key": "queueStatus",
          "type": "string",
          "required": true,
          "array": false,
          "size": 50,
          "default": null,
          "encrypt": false
        },
        {
          "key": "estimatedPrepTime",
          "type": "integer",
          "required": false,
          "array": false,
          "min": null,
          "max": null,
          "default": null
        },
        {
          "key": "priority",
          "type": "integer",
          "required": false,
          "array": false,
          "min": null,
          "max": null,
          "default": null
        },
        {
          "key": "releasedAt",
          "type": "datetime",
          "required": false,
          "array": false,
          "format": "",
          "default": null
        },
        {
          "key": "failureReason",
          "type": "string",
          "required": false,
          "array": false,
          "size": 500,
          "default": null,
          "encrypt": false
        },
        {
          "key": "retryCount",
          "type": "integer",
          "required": false,
          "array": false,
          "min": null,
          "max": null,
          "default": null
        },
        {
          "key": "maxRetries",
          "type": "integer",
          "required": false,
          "array": false,
          "min": null,
          "max": null,
          "default": null
        }
      ],
      "indexes": [
        {
          "key": "idx_createdBy",
          "type": "key",
          "status": "available",
          "attributes": ["createdBy"],
          "orders": ["ASC"]
        },
        {
          "key": "idx_orderId",
          "type": "unique",
          "status": "available",
          "attributes": ["orderId"],
          "orders": ["ASC"]
        },
        {
          "key": "idx_queueStatus",
          "type": "key",
          "status": "available",
          "attributes": ["queueStatus"],
          "orders": ["ASC"]
        },
        {
          "key": "idx_releaseToKitchenAt",
          "type": "key",
          "status": "available",
          "attributes": ["releaseToKitchenAt"],
          "orders": ["ASC"]
        },
        {
          "key": "idx_priority",
          "type": "key",
          "status": "available",
          "attributes": ["priority"],
          "orders": ["DESC"]
        }
      ]
    },
    {
      "$id": "meal-rating-aggregates",
      "$permissions": [],
      "databaseId": "imagine-project-db",
      "name": "meal-rating-aggregates",
      "enabled": true,
      "documentSecurity": true,
      "attributes": [
        {
          "key": "createdBy",
          "type": "string",
          "required": true,
          "array": false,
          "size": 64,
          "default": null,
          "encrypt": false
        },
        {
          "key": "mealId",
          "type": "string",
          "required": true,
          "array": false,
          "size": 255,
          "default": null,
          "encrypt": false
        },
        {
          "key": "averageRating",
          "type": "double",
          "required": true,
          "array": false,
          "min": null,
          "max": null,
          "default": null
        },
        {
          "key": "totalReviews",
          "type": "integer",
          "required": true,
          "array": false,
          "min": null,
          "max": null,
          "default": null
        },
        {
          "key": "rating5Count",
          "type": "integer",
          "required": false,
          "array": false,
          "min": null,
          "max": null,
          "default": null
        },
        {
          "key": "rating4Count",
          "type": "integer",
          "required": false,
          "array": false,
          "min": null,
          "max": null,
          "default": null
        },
        {
          "key": "rating3Count",
          "type": "integer",
          "required": false,
          "array": false,
          "min": null,
          "max": null,
          "default": null
        },
        {
          "key": "rating2Count",
          "type": "integer",
          "required": false,
          "array": false,
          "min": null,
          "max": null,
          "default": null
        },
        {
          "key": "rating1Count",
          "type": "integer",
          "required": false,
          "array": false,
          "min": null,
          "max": null,
          "default": null
        },
        {
          "key": "verifiedPurchaseCount",
          "type": "integer",
          "required": false,
          "array": false,
          "min": null,
          "max": null,
          "default": null
        },
        {
          "key": "sentimentScore",
          "type": "double",
          "required": false,
          "array": false,
          "min": null,
          "max": null,
          "default": null
        },
        {
          "key": "commonPositiveTags",
          "type": "string",
          "required": false,
          "array": true,
          "size": 100,
          "default": null,
          "encrypt": false
        },
        {
          "key": "commonNegativeTags",
          "type": "string",
          "required": false,
          "array": true,
          "size": 100,
          "default": null,
          "encrypt": false
        },
        {
          "key": "lastCalculatedAt",
          "type": "datetime",
          "required": false,
          "array": false,
          "format": "",
          "default": null
        }
      ],
      "indexes": [
        {
          "key": "idx_createdBy",
          "type": "key",
          "status": "available",
          "attributes": ["createdBy"],
          "orders": ["ASC"]
        },
        {
          "key": "idx_mealId",
          "type": "unique",
          "status": "available",
          "attributes": ["mealId"],
          "orders": ["ASC"]
        },
        {
          "key": "idx_averageRating",
          "type": "key",
          "status": "available",
          "attributes": ["averageRating"],
          "orders": ["DESC"]
        },
        {
          "key": "idx_totalReviews",
          "type": "key",
          "status": "available",
          "attributes": ["totalReviews"],
          "orders": ["DESC"]
        }
      ]
    }
  ],
  "buckets": [
    {
      "$id": "imagine-project-bucket",
      "$permissions": [
        "create(\"any\")",
        "read(\"any\")",
        "update(\"any\")",
        "delete(\"any\")"
      ],
      "fileSecurity": true,
      "name": "imagine-project-bucket",
      "enabled": true,
      "maximumFileSize": 50000000,
      "allowedFileExtensions": [],
      "compression": "none",
      "encryption": true,
      "antivirus": true
    }
  ]
}
